Imagen|dannos|partes|sugerencias
1.jpg|[1]|[11]|[1]
10.jpg|[6]|[31]|[2]
100.jpg|[6, 2, 6]|[9, 11, 33]|[2, 1, 1]
1000.jpg|[5]|[33]|[1]
1001.jpg|[4, 1, 6]|[34, 21, 20]|[1, 1, 2]
1002.jpg|[1]|[11]|[1]
1003.jpg|[5, 3]|[9, 33]|[2, 2]
1004.jpg|[5, 4]|[34, 19]|[1, 2]
1005.jpg|[1]|[34]|[1]
1006.jpg|[5]|[13]|[1]
1007.jpg|[1]|[38]|[1]
1008.jpg|[3]|[34]|[2]
1009.jpg|[5]|[33]|[1]
101.jpg|[1]|[33]|[1]
1010.jpg|[6]|[9]|[2]
1011.jpg|[5]|[33]|[1]
1012.jpg|[5]|[33]|[1]
1013.jpg|[1]|[25]|[1]
1014.jpg|[5, 6]|[33, 17]|[1, 2]
1015.jpg|[1, 1]|[34, 21]|[1, 1]
1016.jpg|[5]|[34]|[1]
1017.jpg|[3, 1, 1, 6]|[34, 14, 21, 20]|[2, 1, 1, 2]
1018.jpg|[5]|[14]|[1]
1019.jpg|[5]|[14]|[1]
102.jpg|[4]|[34]|[1]
1020.jpg|[6]|[31]|[2]
1021.jpg|[6]|[34]|[1]
1022.jpg|[2]|[14]|[1]
1023.jpg|[6]|[40]|[2]
1024.jpg|[1]|[36]|[1]
1025.jpg|[6]|[31]|[2]
1026.jpg|[1]|[14]|[1]
1027.jpg|[6]|[31]|[2]
1028.jpg|[1]|[13]|[1]
1029.jpg|[5, 6]|[33, 9]|[1, 2]
103.jpg|[5]|[33]|[1]
1030.jpg|[5]|[33]|[1]
1031.jpg|[6]|[40]|[2]
1032.jpg|[6]|[999]|[2]
1033.jpg|[6, 1, 1, 6]|[9, 33, 11, 40]|[2, 1, 1, 2]
1034.jpg|[2, 6]|[11, 10]|[1, 2]
1035.jpg|[6, 1]|[10, 12]|[2, 1]
1036.jpg|[6]|[40]|[1]
1037.jpg|[6]|[32]|[2]
1038.jpg|[6, 6, 2]|[33, 10, 12]|[2, 2, 1]
1039.jpg|[5]|[34]|[1]
104.jpg|[5]|[34]|[1]
1040.jpg|[6, 1, 1]|[25, 36, 12]|[1, 1, 1]
1041.jpg|[6]|[31]|[2]
1042.jpg|[6]|[40]|[1]
1043.jpg|[5]|[33]|[1]
1044.jpg|[6, 1]|[20, 14]|[2, 1]
1045.jpg|[1]|[34]|[1]
1046.jpg|[6, 1, 6]|[7, 11, 15]|[2, 1, 2]
1047.jpg|[5]|[34]|[1]
1048.jpg|[6, 1, 3, 1]|[40, 12, 36, 25]|[1, 1, 2, 1]
1049.jpg|[6]|[31]|[2]
105.jpg|[6]|[999]|[2]
1050.jpg|[6]|[40]|[1]
1051.jpg|[5]|[34]|[1]
1052.jpg|[1, 1, 6]|[34, 21, 20]|[1, 1, 2]
1053.jpg|[5]|[33]|[1]
1054.jpg|[1, 6, 2, 6]|[36, 999, 3, 999]|[1, 2, 2, 2]
1055.jpg|[2, 1]|[38, 36]|[2, 1]
1056.jpg|[3, 1]|[33, 3]|[2, 1]
1057.jpg|[5, 6]|[33, 999]|[1, 2]
1058.jpg|[6]|[31]|[2]
1059.jpg|[6]|[31]|[2]
106.jpg|[1, 1, 2]|[11, 25, 35]|[1, 1, 1]
1060.jpg|[5]|[38]|[1]
1061.jpg|[5]|[33]|[1]
1062.jpg|[6, 6, 6, 3, 6]|[33, 9, 10, 39, 31]|[1, 2, 2, 1, 2]
1063.jpg|[6]|[31]|[2]
1064.jpg|[5]|[34]|[1]
1065.jpg|[5]|[33]|[1]
1066.jpg|[6, 1, 1]|[31, 43, 999]|[2, 1, 1]
1067.jpg|[6]|[31]|[2]
1068.jpg|[1, 3]|[11, 999]|[1, 2]
1069.jpg|[1, 6]|[33, 9]|[1, 2]
107.jpg|[6]|[40]|[1]
1070.jpg|[5]|[33]|[1]
1071.jpg|[6]|[19]|[2]
1072.jpg|[6]|[31]|[2]
1073.jpg|[5]|[33]|[1]
1074.jpg|[2, 6]|[12, 10]|[2, 2]
1075.jpg|[5, 5]|[12, 36]|[1, 1]
1076.jpg|[6]|[40]|[1]
1077.jpg|[6]|[31]|[2]
1078.jpg|[6]|[40]|[1]
1079.jpg|[6, 5]|[19, 34]|[2, 1]
108.jpg|[4]|[33]|[1]
1080.jpg|[1]|[34]|[1]
1081.jpg|[5]|[33]|[1]
1082.jpg|[6, 2, 2, 1]|[10, 33, 12, 3]|[2, 1, 1, 1]
1083.jpg|[5, 5]|[34, 14]|[1, 1]
1084.jpg|[6]|[19]|[2]
1085.jpg|[5]|[33]|[1]
1086.jpg|[6, 1, 1]|[10, 12, 33]|[2, 1, 1]
1087.jpg|[6]|[31]|[2]
1088.jpg|[3, 6, 2]|[33, 10, 12]|[2, 2, 1]
1089.jpg|[6, 6]|[9, 33]|[2, 1]
109.jpg|[1, 1]|[14, 25]|[1, 1]
1090.jpg|[1]|[34]|[1]
1091.jpg|[5]|[33]|[1]
1092.jpg|[5]|[33]|[1]
1093.jpg|[5]|[33]|[1]
1094.jpg|[5]|[12]|[1]
1095.jpg|[6]|[999]|[2]
1096.jpg|[1, 6]|[3, 9]|[1, 2]
1097.jpg|[5]|[33]|[1]
1098.jpg|[6]|[31]|[2]
1099.jpg|[2, 1, 1]|[36, 25, 38]|[2, 1, 1]
11.jpg|[5]|[34]|[1]
110.jpg|[5]|[35]|[1]
1100.jpg|[6, 1, 1]|[10, 33, 12]|[2, 1, 1]
1101.jpg|[6]|[32]|[2]
1102.jpg|[6, 3, 6, 6]|[32, 33, 9, 11]|[2, 2, 2, 2]
1103.jpg|[6]|[31]|[2]
1104.jpg|[6]|[31]|[2]
1105.jpg|[6, 5]|[20, 34]|[2, 1]
1106.jpg|[6]|[9]|[2]
1107.jpg|[5]|[33]|[1]
1108.jpg|[3, 3, 1, 1]|[40, 33, 12, 36]|[2, 2, 1, 1]
1109.jpg|[6, 6]|[9, 33]|[2, 1]
111.jpg|[5, 5]|[33, 11]|[1, 1]
1110.jpg|[4, 1]|[34, 13]|[1, 1]
1111.jpg|[1]|[34]|[1]
1112.jpg|[6, 3, 1]|[10, 33, 12]|[2, 1, 1]
1113.jpg|[5]|[34]|[1]
1114.jpg|[6, 6]|[9, 33]|[2, 1]
1115.jpg|[5]|[33]|[1]
1116.jpg|[6, 5]|[10, 33]|[2, 1]
1117.jpg|[6, 5]|[9, 33]|[2, 1]
1118.jpg|[5, 5]|[12, 38]|[1, 1]
1119.jpg|[1]|[33]|[1]
112.jpg|[1, 5]|[999, 38]|[1, 1]
1120.jpg|[1]|[33]|[1]
1121.jpg|[1, 1]|[12, 12]|[1, 1]
1122.jpg|[1]|[34]|[1]
1123.jpg|[1]|[34]|[1]
1124.jpg|[6, 6]|[9, 33]|[2, 1]
1125.jpg|[5, 5]|[11, 35]|[1, 1]
1126.jpg|[1, 1]|[43, 999]|[1, 1]
1127.jpg|[5, 1, 5]|[33, 11, 11]|[1, 1, 1]
1128.jpg|[5]|[11]|[1]
1129.jpg|[1]|[35]|[1]
113.jpg|[6, 6, 6]|[10, 33, 999]|[2, 1, 2]
1130.jpg|[5]|[34]|[1]
1131.jpg|[1]|[14]|[1]
1132.jpg|[5]|[33]|[1]
1133.jpg|[1]|[21]|[1]
1134.jpg|[6]|[40]|[1]
1135.jpg|[4]|[33]|[1]
1136.jpg|[2, 2, 1]|[38, 25, 14]|[2, 1, 1]
1137.jpg|[5]|[14]|[1]
1138.jpg|[5]|[34]|[1]
1139.jpg|[1]|[21]|[1]
114.jpg|[1]|[33]|[1]
1140.jpg|[6, 6]|[9, 33]|[2, 1]
1141.jpg|[6]|[999]|[2]
1142.jpg|[6]|[40]|[1]
1143.jpg|[6, 6]|[34, 13]|[1, 1]
1144.jpg|[1, 1]|[37, 35]|[1, 1]
1145.jpg|[6, 2, 1]|[31, 11, 35]|[2, 1, 1]
1146.jpg|[5]|[38]|[1]
1147.jpg|[4]|[32]|[2]
1148.jpg|[4]|[31]|[2]
1149.jpg|[4]|[31]|[2]
115.jpg|[6]|[31]|[2]
1150.jpg|[4]|[33]|[1]
1151.jpg|[5]|[35]|[1]
1152.jpg|[4]|[31]|[2]
1153.jpg|[4, 1, 2, 1]|[9, 33, 11, 3]|[2, 1, 1, 1]
1154.jpg|[4]|[31]|[2]
1155.jpg|[5]|[11]|[1]
1156.jpg|[1]|[32]|[1]
1157.jpg|[5]|[12]|[1]
1158.jpg|[1, 5]|[13, 32]|[1, 1]
1159.jpg|[4]|[9]|[2]
116.jpg|[6, 6]|[20, 34]|[2, 2]
1160.jpg|[4]|[40]|[1]
1161.jpg|[4, 4, 1]|[31, 9, 43]|[2, 2, 1]
1162.jpg|[4]|[10]|[2]
1163.jpg|[5]|[12]|[1]
1164.jpg|[1, 1]|[14, 38]|[1, 1]
1165.jpg|[4]|[34]|[1]
1166.jpg|[4, 4]|[10, 33]|[2, 1]
1167.jpg|[5]|[11]|[1]
1168.jpg|[5]|[33]|[1]
1169.jpg|[1]|[34]|[1]
117.jpg|[2, 6, 3]|[13, 19, 34]|[1, 2, 1]
1170.jpg|[4, 1]|[10, 12]|[2, 1]
1171.jpg|[4]|[10]|[1]
1172.jpg|[6]|[33]|[1]
1173.jpg|[4]|[33]|[1]
1174.jpg|[4]|[31]|[2]
1175.jpg|[5]|[999]|[1]
1176.jpg|[5]|[33]|[1]
1177.jpg|[4]|[34]|[2]
1178.jpg|[1]|[999]|[1]
1179.jpg|[5]|[34]|[1]
118.jpg|[5]|[33]|[1]
1180.jpg|[5]|[33]|[1]
1181.jpg|[2, 3, 3]|[3, 33, 11]|[2, 2, 2]
1182.jpg|[4, 4, 4]|[9, 33, 31]|[2, 2, 2]
1183.jpg|[1]|[37]|[1]
1184.jpg|[5]|[11]|[1]
1185.jpg|[5]|[34]|[1]
1186.jpg|[5]|[33]|[1]
1187.jpg|[4]|[32]|[2]
1188.jpg|[4]|[31]|[2]
1189.jpg|[4, 4]|[33, 10]|[2, 2]
119.jpg|[5]|[34]|[1]
1190.jpg|[4]|[31]|[2]
1191.jpg|[4]|[31]|[2]
1192.jpg|[4]|[10]|[2]
1193.jpg|[1, 4]|[34, 17]|[1, 2]
1194.jpg|[1, 3]|[13, 999]|[1, 2]
1195.jpg|[4]|[33]|[1]
1196.jpg|[4]|[33]|[1]
1197.jpg|[4]|[32]|[2]
1198.jpg|[2]|[11]|[1]
1199.jpg|[3, 1, 4]|[33, 3, 10]|[1, 1, 2]
12.jpg|[6]|[9]|[2]
120.jpg|[5, 1]|[34, 13]|[1, 1]
1200.jpg|[4]|[31]|[2]
1201.jpg|[3]|[33]|[1]
1202.jpg|[4]|[40]|[1]
1203.jpg|[5]|[32]|[1]
1204.jpg|[4, 5]|[40, 33]|[1, 1]
1205.jpg|[4, 1, 1]|[20, 34, 14]|[2, 1, 1]
1206.jpg|[5]|[33]|[1]
1207.jpg|[3]|[33]|[2]
1208.jpg|[5]|[34]|[1]
1209.jpg|[5]|[34]|[1]
121.jpg|[6]|[10]|[2]
1210.jpg|[4]|[31]|[2]
1211.jpg|[5]|[35]|[1]
1212.jpg|[4, 4, 1, 1]|[10, 33, 3, 12]|[2, 1, 1, 1]
1213.jpg|[3, 1, 1, 4]|[7, 11, 35, 15]|[2, 1, 1, 2]
1214.jpg|[4]|[20]|[2]
1215.jpg|[4]|[31]|[2]
1216.jpg|[1, 4]|[34, 19]|[1, 2]
1217.jpg|[5]|[33]|[1]
1218.jpg|[4, 1, 1]|[9, 11, 33]|[2, 1, 1]
1219.jpg|[1, 4]|[11, 9]|[1, 1]
122.jpg|[6, 2, 1, 1]|[9, 3, 33, 11]|[2, 1, 1, 1]
1220.jpg|[1]|[36]|[1]
1221.jpg|[5]|[12]|[1]
1222.jpg|[5]|[33]|[1]
1223.jpg|[6]|[34]|[1]
1224.jpg|[4]|[9]|[2]
1225.jpg|[4]|[40]|[1]
1226.jpg|[4]|[40]|[1]
1227.jpg|[1]|[33]|[1]
1228.jpg|[4]|[31]|[2]
1229.jpg|[4, 5]|[10, 33]|[2, 1]
123.jpg|[1]|[11]|[1]
1230.jpg|[4]|[31]|[2]
1231.jpg|[1, 1]|[14, 36]|[1, 1]
1232.jpg|[1]|[14]|[1]
1233.jpg|[1]|[34]|[1]
1234.jpg|[4, 4]|[20, 34]|[2, 1]
1235.jpg|[4]|[31]|[2]
1236.jpg|[4]|[19]|[2]
1237.jpg|[4]|[999]|[2]
1238.jpg|[4]|[31]|[2]
1239.jpg|[1, 1]|[33, 12]|[1, 1]
124.jpg|[6]|[999]|[2]
1240.jpg|[5]|[11]|[1]
1241.jpg|[1, 1, 1]|[37, 13, 25]|[1, 1, 1]
1242.jpg|[4, 3, 1]|[9, 33, 3]|[2, 2, 1]
1243.jpg|[1]|[13]|[1]
1244.jpg|[4, 1]|[999, 38]|[2, 1]
1245.jpg|[1]|[3]|[1]
1246.jpg|[1]|[14]|[1]
1247.jpg|[1, 1]|[35, 11]|[1, 1]
1248.jpg|[4]|[999]|[2]
1249.jpg|[4, 1]|[19, 21]|[2, 1]
125.jpg|[6]|[999]|[2]
1250.jpg|[1, 1]|[36, 12]|[1, 1]
1251.jpg|[5]|[11]|[1]
1252.jpg|[4]|[33]|[1]
1253.jpg|[1, 4]|[11, 9]|[1, 2]
1254.jpg|[1, 1]|[36, 12]|[1, 1]
1255.jpg|[1]|[36]|[1]
1256.jpg|[5]|[11]|[1]
1257.jpg|[4, 5]|[10, 33]|[2, 1]
1258.jpg|[6, 1]|[40, 13]|[2, 1]
1259.jpg|[2, 4, 1, 6]|[33, 10, 3, 39]|[1, 2, 1, 2]
126.jpg|[2]|[3]|[2]
1260.jpg|[4]|[999]|[2]
1261.jpg|[4, 5, 1]|[20, 34, 21]|[2, 1, 1]
1262.jpg|[5]|[34]|[1]
1263.jpg|[2]|[12]|[2]
1264.jpg|[1, 5]|[37, 13]|[1, 1]
1265.jpg|[6]|[40]|[2]
1266.jpg|[1]|[34]|[1]
1267.jpg|[4]|[999]|[2]
1268.jpg|[5]|[34]|[1]
1269.jpg|[4]|[31]|[2]
127.jpg|[6]|[31]|[2]
1270.jpg|[1]|[34]|[1]
1271.jpg|[4, 3, 1]|[31, 3, 43]|[2, 2, 1]
1272.jpg|[4]|[31]|[2]
1273.jpg|[5, 4]|[33, 9]|[1, 2]
1274.jpg|[4, 2, 3]|[10, 12, 33]|[2, 1, 1]
1275.jpg|[4]|[31]|[2]
1276.jpg|[4]|[19]|[2]
1277.jpg|[6, 1, 5]|[40, 38, 14]|[1, 1, 1]
1278.jpg|[5]|[12]|[1]
1279.jpg|[4]|[34]|[1]
128.jpg|[1, 6, 1, 1]|[12, 10, 33, 3]|[1, 2, 1, 1]
1280.jpg|[5]|[38]|[1]
1281.jpg|[4, 4, 2, 1]|[33, 9, 11, 43]|[2, 2, 1, 1]
1282.jpg|[4, 5]|[19, 34]|[2, 1]
1283.jpg|[5]|[34]|[1]
1284.jpg|[6, 6, 2]|[39, 33, 3]|[2, 1, 1]
1285.jpg|[4]|[999]|[2]
1286.jpg|[4]|[33]|[1]
1287.jpg|[4]|[32]|[2]
1288.jpg|[1, 4]|[37, 999]|[1, 2]
1289.jpg|[5]|[32]|[1]
129.jpg|[6]|[33]|[1]
1290.jpg|[3, 5]|[12, 33]|[1, 1]
1291.jpg|[1]|[38]|[1]
1292.jpg|[4]|[31]|[2]
1293.jpg|[5]|[34]|[1]
1294.jpg|[1]|[33]|[1]
1295.jpg|[6, 5]|[40, 13]|[1, 1]
1296.jpg|[1]|[38]|[1]
1297.jpg|[4]|[31]|[2]
1298.jpg|[4, 1, 5]|[10, 12, 33]|[2, 1, 1]
1299.jpg|[4, 1]|[33, 12]|[1, 1]
13.jpg|[6]|[10]|[2]
130.jpg|[1, 1]|[36, 25]|[1, 1]
1300.jpg|[1, 4, 1]|[11, 9, 3]|[1, 2, 1]
1301.jpg|[4]|[34]|[1]
1302.jpg|[5]|[34]|[1]
1303.jpg|[4, 1, 4, 3, 1]|[31, 43, 999, 38, 36]|[2, 1, 2, 2, 1]
1304.jpg|[4]|[32]|[2]
1305.jpg|[5]|[33]|[1]
1306.jpg|[1]|[33]|[1]
1307.jpg|[5]|[33]|[1]
1308.jpg|[6]|[40]|[1]
1309.jpg|[4]|[34]|[1]
131.jpg|[5]|[35]|[1]
1310.jpg|[6]|[40]|[1]
1311.jpg|[1, 4]|[35, 999]|[1, 2]
1312.jpg|[4]|[34]|[2]
1313.jpg|[6, 5]|[40, 11]|[1, 1]
1314.jpg|[5, 5, 5]|[38, 36, 14]|[1, 1, 1]
1315.jpg|[3, 1]|[33, 12]|[1, 1]
1316.jpg|[2, 4, 2]|[34, 17, 13]|[2, 2, 1]
1317.jpg|[4, 1]|[31, 43]|[2, 1]
1318.jpg|[4]|[31]|[2]
1319.jpg|[6]|[40]|[1]
132.jpg|[1]|[34]|[1]
1320.jpg|[4]|[31]|[2]
1321.jpg|[1, 3]|[12, 999]|[1, 2]
1322.jpg|[5]|[33]|[1]
1323.jpg|[2, 1]|[35, 11]|[1, 1]
1324.jpg|[6]|[40]|[1]
1325.jpg|[6]|[40]|[1]
1326.jpg|[4, 4]|[10, 33]|[2, 1]
1327.jpg|[1, 1, 3]|[36, 25, 999]|[1, 1, 2]
1328.jpg|[5]|[34]|[1]
1329.jpg|[5]|[34]|[1]
133.jpg|[5]|[34]|[1]
1330.jpg|[4, 4, 1]|[34, 20, 14]|[1, 2, 1]
1331.jpg|[5]|[33]|[1]
1332.jpg|[5]|[33]|[1]
1333.jpg|[1]|[33]|[1]
1334.jpg|[1]|[33]|[1]
1335.jpg|[5]|[33]|[1]
1336.jpg|[5]|[33]|[1]
1337.jpg|[5]|[33]|[1]
1338.jpg|[4, 5]|[20, 34]|[2, 1]
1339.jpg|[4, 5]|[40, 38]|[2, 1]
134.jpg|[5]|[32]|[1]
1340.jpg|[1, 3]|[13, 999]|[1, 2]
1341.jpg|[4]|[34]|[1]
1342.jpg|[5, 5]|[37, 35]|[1, 1]
1343.jpg|[1, 4]|[34, 20]|[1, 2]
1344.jpg|[4, 5, 1]|[19, 34, 13]|[2, 1, 1]
1345.jpg|[4]|[33]|[1]
1346.jpg|[4, 5, 2, 1]|[10, 33, 12, 3]|[2, 1, 1, 1]
1347.jpg|[4]|[31]|[2]
1348.jpg|[1, 1]|[13, 37]|[1, 1]
1349.jpg|[1]|[33]|[1]
135.jpg|[6, 1, 2]|[20, 34, 14]|[2, 1, 1]
1350.jpg|[4]|[31]|[2]
1351.jpg|[1]|[33]|[1]
1352.jpg|[5]|[34]|[1]
1353.jpg|[1]|[34]|[1]
1354.jpg|[4, 5]|[19, 34]|[2, 1]
1355.jpg|[1]|[13]|[1]
1356.jpg|[5]|[11]|[1]
1357.jpg|[6]|[40]|[2]
1358.jpg|[5]|[33]|[1]
1359.jpg|[1]|[33]|[1]
136.jpg|[1]|[33]|[1]
1360.jpg|[6]|[40]|[2]
1361.jpg|[1]|[25]|[1]
1362.jpg|[5]|[33]|[1]
1363.jpg|[4]|[31]|[2]
1364.jpg|[2, 5]|[37, 35]|[1, 1]
1365.jpg|[5]|[34]|[1]
1366.jpg|[1]|[34]|[1]
1367.jpg|[4, 5]|[34, 21]|[1, 1]
1368.jpg|[5]|[34]|[1]
1369.jpg|[4, 5]|[20, 14]|[2, 1]
137.jpg|[6]|[33]|[1]
1370.jpg|[4]|[31]|[2]
1371.jpg|[5]|[33]|[1]
1372.jpg|[4]|[31]|[2]
1373.jpg|[5]|[36]|[1]
1374.jpg|[4]|[34]|[1]
1375.jpg|[4, 4, 2]|[9, 33, 3]|[2, 1, 1]
1376.jpg|[1, 1]|[37, 25]|[1, 1]
1377.jpg|[4]|[31]|[2]
1378.jpg|[1, 5]|[12, 33]|[1, 1]
1379.jpg|[6, 1, 3]|[40, 11, 33]|[2, 1, 1]
138.jpg|[1]|[14]|[1]
1380.jpg|[1]|[34]|[1]
1381.jpg|[5]|[14]|[1]
1382.jpg|[4]|[31]|[2]
1383.jpg|[4]|[32]|[2]
1384.jpg|[1]|[34]|[1]
1385.jpg|[1]|[37]|[1]
1386.jpg|[3, 1]|[33, 33]|[1, 1]
1387.jpg|[1]|[34]|[1]
1388.jpg|[4]|[31]|[2]
1389.jpg|[5]|[33]|[1]
139.jpg|[1]|[11]|[1]
1390.jpg|[6, 4, 1, 3]|[33, 9, 3, 39]|[1, 2, 1, 2]
1391.jpg|[4, 1, 2]|[15, 33, 11]|[2, 1, 1]
1392.jpg|[5]|[999]|[2]
1393.jpg|[4]|[31]|[2]
1394.jpg|[1, 4]|[34, 17]|[1, 2]
1395.jpg|[3, 2]|[33, 12]|[1, 1]
1396.jpg|[4]|[17]|[2]
1397.jpg|[5]|[33]|[1]
1398.jpg|[1, 5]|[13, 37]|[1, 1]
1399.jpg|[5]|[33]|[1]
14.jpg|[1]|[34]|[1]
140.jpg|[6]|[31]|[2]
1400.jpg|[4]|[34]|[1]
1401.jpg|[4, 4]|[33, 7]|[1, 2]
1402.jpg|[1]|[36]|[1]
1403.jpg|[3, 4]|[33, 9]|[2, 2]
1404.jpg|[4, 1, 1, 3]|[9, 11, 3, 33]|[2, 1, 1, 1]
1405.jpg|[4, 5, 6]|[9, 3, 33]|[2, 1, 1]
1406.jpg|[5]|[33]|[1]
1407.jpg|[1]|[34]|[1]
1408.jpg|[5]|[33]|[1]
1409.jpg|[4]|[31]|[2]
141.jpg|[6]|[31]|[2]
1410.jpg|[6]|[40]|[1]
1411.jpg|[4, 3]|[9, 33]|[2, 2]
1412.jpg|[6]|[40]|[1]
1413.jpg|[5]|[33]|[1]
1414.jpg|[1]|[33]|[1]
1415.jpg|[4, 1]|[999, 38]|[2, 1]
1416.jpg|[1]|[33]|[1]
1417.jpg|[5]|[33]|[1]
1418.jpg|[1, 4, 1]|[11, 9, 33]|[1, 2, 1]
1419.jpg|[4]|[31]|[2]
142.jpg|[6, 4, 1, 1]|[10, 33, 12, 3]|[2, 2, 1, 1]
1420.jpg|[4]|[31]|[2]
1421.jpg|[1]|[34]|[1]
1422.jpg|[4]|[33]|[1]
1423.jpg|[1]|[33]|[1]
1424.jpg|[5]|[33]|[1]
1425.jpg|[1, 6, 1]|[12, 33, 3]|[1, 1, 1]
1426.jpg|[5]|[11]|[1]
1427.jpg|[4]|[10]|[2]
1428.jpg|[5]|[34]|[1]
1429.jpg|[4]|[33]|[1]
143.jpg|[6]|[999]|[2]
1430.jpg|[5]|[33]|[1]
1431.jpg|[4]|[33]|[1]
1432.jpg|[1]|[3]|[1]
1433.jpg|[4, 4, 1]|[33, 31, 3]|[1, 2, 1]
1434.jpg|[4]|[31]|[2]
1435.jpg|[3, 4]|[33, 9]|[1, 2]
1436.jpg|[5]|[33]|[1]
1437.jpg|[1]|[34]|[1]
1438.jpg|[4, 2, 3, 1]|[9, 11, 33, 3]|[2, 1, 1, 1]
1439.jpg|[2, 3]|[11, 33]|[1, 1]
144.jpg|[6]|[9]|[2]
1440.jpg|[6]|[33]|[1]
1441.jpg|[1]|[34]|[1]
1442.jpg|[1]|[33]|[1]
1443.jpg|[5]|[33]|[1]
1444.jpg|[1]|[34]|[1]
1445.jpg|[4, 4, 1]|[33, 9, 3]|[1, 2, 1]
1446.jpg|[1, 1, 1, 1]|[36, 12, 33, 25]|[1, 1, 1, 1]
1447.jpg|[2, 4, 2, 2]|[33, 10, 3, 12]|[2, 2, 2, 2]
1448.jpg|[4, 4]|[33, 999]|[1, 2]
1449.jpg|[1, 5]|[35, 25]|[1, 1]
145.jpg|[5, 5]|[38, 14]|[1, 1]
1450.jpg|[5]|[33]|[1]
1451.jpg|[6]|[40]|[1]
1452.jpg|[6, 2, 1, 1]|[40, 36, 38, 25]|[1, 2, 1, 1]
1453.jpg|[5]|[12]|[1]
1454.jpg|[4, 4]|[10, 33]|[2, 1]
1455.jpg|[3, 5]|[12, 3]|[2, 1]
1456.jpg|[5]|[36]|[1]
1457.jpg|[1, 4]|[34, 19]|[1, 2]
1458.jpg|[1, 4]|[14, 20]|[1, 2]
1459.jpg|[6]|[40]|[1]
146.jpg|[5]|[14]|[1]
1460.jpg|[4]|[31]|[2]
1461.jpg|[6]|[34]|[1]
1462.jpg|[4, 3]|[31, 7]|[2, 2]
1463.jpg|[4]|[31]|[2]
1464.jpg|[1]|[34]|[1]
1465.jpg|[3, 1, 4, 4, 2]|[34, 13, 19, 17, 21]|[1, 1, 2, 2, 1]
1466.jpg|[4, 5]|[20, 14]|[2, 1]
1467.jpg|[4, 4]|[19, 17]|[2, 2]
1468.jpg|[5]|[33]|[1]
1469.jpg|[4, 4]|[33, 10]|[1, 2]
147.jpg|[6]|[31]|[2]
1470.jpg|[1, 1]|[36, 25]|[1, 1]
1471.jpg|[1]|[36]|[1]
1472.jpg|[5]|[13]|[1]
1473.jpg|[1, 3]|[13, 25]|[1, 2]
1474.jpg|[3, 4, 2, 2, 4]|[33, 9, 11, 3, 15]|[1, 2, 1, 1, 2]
1475.jpg|[1]|[36]|[1]
1476.jpg|[1]|[36]|[1]
1477.jpg|[4]|[17]|[2]
1478.jpg|[5]|[14]|[1]
1479.jpg|[4]|[999]|[2]
148.jpg|[6]|[40]|[1]
1480.jpg|[4]|[31]|[2]
1481.jpg|[4, 4, 1]|[10, 33, 12]|[2, 1, 1]
1482.jpg|[6]|[40]|[1]
1483.jpg|[5]|[33]|[1]
1484.jpg|[5]|[33]|[1]
1485.jpg|[4, 4, 4, 3]|[31, 9, 10, 39]|[2, 2, 2, 2]
1486.jpg|[1]|[34]|[1]
1487.jpg|[6]|[34]|[1]
1488.jpg|[4, 4, 4, 1]|[34, 20, 999, 14]|[1, 2, 2, 1]
1489.jpg|[4]|[34]|[1]
149.jpg|[5]|[34]|[1]
1490.jpg|[4, 4, 1]|[33, 9, 3]|[1, 2, 1]
1491.jpg|[4, 5]|[19, 34]|[2, 1]
1492.jpg|[4, 5, 2, 1]|[10, 33, 12, 3]|[2, 1, 2, 1]
1493.jpg|[4, 4, 1, 1]|[33, 10, 3, 12]|[1, 2, 1, 1]
1494.jpg|[1]|[34]|[1]
1495.jpg|[1]|[33]|[1]
1496.jpg|[1]|[14]|[1]
1497.jpg|[4]|[31]|[2]
1498.jpg|[5, 5]|[36, 38]|[1, 1]
1499.jpg|[1, 1]|[38, 25]|[1, 1]
15.jpg|[6, 6, 6, 6]|[9, 33, 11, 15]|[2, 1, 1, 2]
150.jpg|[5]|[33]|[1]
1500.jpg|[4]|[9]|[2]
1501.jpg|[6]|[31]|[2]
1502.jpg|[2, 1, 1]|[14, 25, 36]|[2, 1, 1]
1503.jpg|[4, 4, 1]|[20, 999, 14]|[2, 2, 1]
1504.jpg|[5]|[38]|[1]
1505.jpg|[1]|[12]|[1]
1506.jpg|[4]|[31]|[2]
1507.jpg|[6, 3, 2]|[9, 33, 3]|[2, 1, 1]
1508.jpg|[5]|[37]|[1]
1509.jpg|[5]|[36]|[1]
151.jpg|[1]|[12]|[1]
1510.jpg|[4]|[33]|[1]
1511.jpg|[1, 1]|[33, 11]|[1, 1]
1512.jpg|[5]|[33]|[1]
1513.jpg|[4]|[31]|[2]
1514.jpg|[5]|[33]|[1]
1515.jpg|[4, 4, 1, 3]|[33, 10, 3, 39]|[1, 2, 1, 2]
1516.jpg|[4, 1]|[31, 43]|[2, 1]
1517.jpg|[1, 1, 1]|[14, 25, 36]|[1, 1, 1]
1518.jpg|[1]|[25]|[1]
1519.jpg|[4, 1, 6]|[33, 12, 40]|[1, 1, 1]
152.jpg|[5, 5]|[38, 14]|[1, 1]
1520.jpg|[1]|[11]|[1]
1521.jpg|[1, 6, 1]|[33, 9, 3]|[1, 2, 1]
1522.jpg|[6, 6, 1]|[20, 999, 14]|[2, 2, 1]
1523.jpg|[6]|[40]|[2]
1524.jpg|[1, 5]|[13, 34]|[1, 1]
1525.jpg|[6]|[40]|[1]
1526.jpg|[5]|[34]|[1]
1527.jpg|[5, 1]|[36, 38]|[1, 1]
1528.jpg|[5]|[33]|[1]
1529.jpg|[5]|[33]|[1]
153.jpg|[3, 2, 1, 6]|[33, 12, 3, 10]|[1, 2, 1, 2]
1530.jpg|[5]|[14]|[1]
1531.jpg|[1]|[14]|[1]
1532.jpg|[1, 1, 1]|[35, 25, 13]|[1, 1, 1]
1533.jpg|[4, 2, 6, 6]|[33, 12, 10, 999]|[2, 2, 2, 2]
1534.jpg|[6, 6]|[19, 17]|[2, 2]
1535.jpg|[6]|[999]|[2]
1536.jpg|[2, 3, 2, 1]|[33, 10, 12, 3]|[1, 2, 1, 1]
1537.jpg|[4]|[31]|[2]
1538.jpg|[6]|[999]|[2]
1539.jpg|[4]|[31]|[2]
154.jpg|[2, 1, 1]|[11, 36, 25]|[2, 1, 1]
1540.jpg|[1]|[36]|[1]
1541.jpg|[1, 1, 1]|[36, 38, 14]|[1, 1, 1]
1542.jpg|[2, 6]|[12, 10]|[1, 2]
1543.jpg|[4]|[31]|[2]
1544.jpg|[6]|[31]|[2]
1545.jpg|[4]|[31]|[2]
1546.jpg|[4]|[33]|[1]
1547.jpg|[3, 3]|[40, 33]|[2, 2]
1548.jpg|[5, 6]|[33, 10]|[1, 2]
1549.jpg|[4]|[31]|[2]
155.jpg|[1]|[14]|[1]
1550.jpg|[1, 1, 1, 1, 3]|[11, 35, 37, 25, 7]|[1, 1, 1, 1, 2]
1551.jpg|[5]|[34]|[1]
1552.jpg|[2, 1, 6, 6, 1]|[34, 13, 19, 17, 21]|[1, 1, 2, 2, 1]
1553.jpg|[5, 5]|[34, 14]|[1, 1]
1554.jpg|[4]|[20]|[2]
1555.jpg|[6, 6, 1]|[20, 999, 34]|[2, 2, 1]
1556.jpg|[4]|[33]|[1]
1557.jpg|[1, 3, 1, 3, 3, 1]|[38, 999, 36, 999, 999, 25]|[1, 2, 1, 2, 2, 1]
1558.jpg|[4, 2, 4, 3, 4]|[33, 11, 9, 7, 999]|[1, 1, 2, 2, 2]
1559.jpg|[1, 2, 6, 4]|[33, 12, 10, 999]|[1, 2, 2, 2]
156.jpg|[6]|[40]|[1]
1560.jpg|[3]|[34]|[1]
1561.jpg|[1, 1]|[34, 14]|[1, 1]
1562.jpg|[5]|[34]|[1]
1563.jpg|[4]|[31]|[2]
1564.jpg|[6, 4]|[32, 21]|[2, 1]
1565.jpg|[1]|[34]|[1]
1566.jpg|[5, 5, 5]|[35, 37, 25]|[1, 1, 1]
1567.jpg|[1]|[34]|[1]
1568.jpg|[4]|[31]|[2]
1569.jpg|[5]|[34]|[1]
157.jpg|[6]|[31]|[2]
1570.jpg|[6, 3]|[31, 999]|[2, 2]
1571.jpg|[1]|[38]|[1]
1572.jpg|[5]|[36]|[1]
1573.jpg|[4, 1, 1, 4]|[20, 34, 14, 999]|[2, 1, 1, 2]
1574.jpg|[5]|[34]|[1]
1575.jpg|[6]|[40]|[1]
1576.jpg|[1, 5]|[11, 33]|[1, 1]
1577.jpg|[6, 4]|[10, 33]|[2, 1]
1578.jpg|[1]|[37]|[1]
1579.jpg|[4]|[33]|[1]
158.jpg|[6, 3]|[9, 33]|[2, 1]
1580.jpg|[5, 6]|[33, 10]|[1, 2]
1581.jpg|[4]|[31]|[2]
1582.jpg|[1, 6, 4]|[21, 20, 34]|[1, 2, 1]
1583.jpg|[5, 5]|[38, 14]|[1, 1]
1584.jpg|[6, 5]|[40, 13]|[1, 1]
1585.jpg|[4]|[37]|[1]
1586.jpg|[5]|[34]|[1]
1587.jpg|[6, 6]|[20, 999]|[2, 2]
1588.jpg|[1, 4, 4]|[34, 19, 17]|[1, 2, 2]
1589.jpg|[1, 6, 6]|[14, 20, 999]|[1, 2, 2]
159.jpg|[6]|[40]|[1]
1590.jpg|[5]|[34]|[1]
1591.jpg|[5]|[11]|[1]
1592.jpg|[5]|[34]|[1]
1593.jpg|[5]|[33]|[1]
1594.jpg|[4]|[33]|[1]
1595.jpg|[1, 1, 4]|[35, 11, 7]|[1, 1, 2]
1596.jpg|[5, 1]|[33, 11]|[1, 1]
1597.jpg|[1, 6, 1]|[33, 40, 11]|[1, 1, 1]
1598.jpg|[1]|[34]|[1]
1599.jpg|[5]|[35]|[1]
16.jpg|[1]|[11]|[1]
160.jpg|[5]|[33]|[1]
1600.jpg|[1]|[37]|[1]
161.jpg|[1, 1]|[37, 13]|[1, 1]
162.jpg|[1]|[33]|[1]
163.jpg|[1]|[37]|[1]
164.jpg|[1]|[34]|[1]
165.jpg|[1]|[33]|[1]
166.jpg|[5]|[11]|[1]
167.jpg|[6]|[999]|[2]
168.jpg|[1]|[34]|[1]
169.jpg|[1]|[21]|[1]
17.jpg|[5, 5]|[37, 13]|[1, 1]
170.jpg|[6]|[31]|[2]
171.jpg|[6]|[999]|[2]
172.jpg|[1]|[34]|[1]
173.jpg|[6, 6, 2, 6]|[33, 10, 3, 39]|[2, 2, 2, 2]
174.jpg|[6, 1, 5]|[40, 12, 33]|[1, 1, 1]
175.jpg|[5]|[33]|[1]
176.jpg|[3, 3, 2, 3]|[12, 33, 3, 39]|[2, 2, 2, 2]
177.jpg|[5]|[34]|[1]
178.jpg|[1, 1, 1, 1]|[38, 25, 14, 34]|[1, 1, 1, 1]
179.jpg|[5]|[33]|[1]
18.jpg|[6, 6, 6]|[9, 33, 15]|[2, 2, 2]
180.jpg|[6]|[10]|[2]
181.jpg|[6]|[31]|[2]
182.jpg|[5, 3]|[3, 33]|[1, 2]
183.jpg|[1]|[11]|[1]
184.jpg|[6]|[31]|[2]
185.jpg|[5, 1]|[33, 11]|[1, 1]
186.jpg|[1]|[34]|[1]
187.jpg|[4]|[33]|[1]
188.jpg|[6]|[40]|[1]
189.jpg|[5]|[33]|[1]
19.jpg|[6]|[32]|[2]
190.jpg|[1]|[14]|[1]
191.jpg|[1]|[34]|[1]
192.jpg|[1]|[34]|[1]
193.jpg|[5]|[33]|[1]
194.jpg|[1]|[35]|[1]
195.jpg|[6, 1, 2]|[31, 3, 43]|[2, 1, 1]
196.jpg|[4, 4, 2]|[33, 39, 3]|[2, 2, 1]
197.jpg|[6]|[31]|[2]
198.jpg|[1, 1]|[11, 33]|[1, 1]
199.jpg|[5]|[36]|[1]
2.jpg|[1]|[34]|[1]
20.jpg|[1, 1, 1]|[36, 12, 25]|[1, 1, 1]
200.jpg|[5]|[34]|[1]
201.jpg|[5]|[33]|[1]
202.jpg|[6]|[19]|[2]
203.jpg|[1]|[21]|[1]
204.jpg|[5]|[21]|[1]
205.jpg|[2]|[36]|[2]
206.jpg|[6]|[31]|[2]
207.jpg|[5]|[12]|[1]
208.jpg|[6]|[31]|[2]
209.jpg|[5]|[34]|[1]
21.jpg|[6, 3, 1, 1]|[9, 33, 11, 3]|[2, 2, 1, 1]
210.jpg|[5, 5]|[14, 34]|[1, 1]
211.jpg|[1, 3]|[33, 11]|[1, 1]
212.jpg|[6]|[999]|[2]
213.jpg|[2]|[36]|[2]
214.jpg|[6]|[20]|[2]
215.jpg|[1]|[36]|[1]
216.jpg|[1]|[21]|[1]
217.jpg|[5]|[34]|[1]
218.jpg|[1]|[14]|[1]
219.jpg|[2, 2, 1]|[36, 25, 38]|[2, 1, 1]
22.jpg|[4]|[33]|[1]
220.jpg|[1]|[34]|[1]
221.jpg|[6, 3]|[40, 12]|[2, 2]
222.jpg|[1]|[36]|[1]
223.jpg|[5]|[35]|[1]
224.jpg|[6]|[31]|[2]
225.jpg|[5]|[33]|[1]
226.jpg|[6]|[9]|[2]
227.jpg|[6]|[40]|[1]
228.jpg|[5]|[36]|[1]
229.jpg|[6, 3, 1]|[40, 33, 12]|[1, 1, 1]
23.jpg|[1]|[33]|[1]
230.jpg|[6]|[10]|[2]
231.jpg|[1, 1]|[33, 11]|[1, 1]
232.jpg|[5]|[33]|[1]
233.jpg|[5]|[33]|[1]
234.jpg|[6]|[20]|[2]
235.jpg|[1]|[33]|[1]
236.jpg|[1]|[11]|[1]
237.jpg|[6]|[40]|[1]
238.jpg|[5]|[13]|[1]
239.jpg|[1, 6]|[12, 10]|[1, 2]
24.jpg|[6]|[40]|[2]
240.jpg|[6, 5]|[40, 14]|[1, 1]
241.jpg|[1, 1, 2, 6]|[33, 3, 11, 9]|[1, 1, 2, 2]
242.jpg|[1, 1, 1, 1]|[34, 13, 37, 25]|[1, 1, 1, 1]
243.jpg|[6]|[999]|[2]
244.jpg|[1]|[11]|[1]
245.jpg|[6, 1, 1, 1, 3]|[10, 33, 12, 3, 999]|[2, 1, 1, 1, 2]
246.jpg|[5]|[11]|[1]
247.jpg|[6]|[31]|[2]
248.jpg|[5]|[33]|[1]
249.jpg|[5, 5]|[33, 12]|[1, 1]
25.jpg|[2]|[11]|[1]
250.jpg|[1, 5]|[12, 33]|[1, 1]
251.jpg|[6, 1, 1, 1]|[9, 33, 3, 11]|[2, 1, 1, 1]
252.jpg|[1]|[38]|[1]
253.jpg|[6]|[33]|[2]
254.jpg|[1, 1]|[12, 33]|[1, 1]
255.jpg|[5]|[33]|[1]
256.jpg|[1]|[14]|[1]
257.jpg|[5]|[33]|[1]
258.jpg|[1, 6, 3]|[13, 19, 34]|[1, 2, 1]
259.jpg|[6]|[40]|[1]
26.jpg|[6, 6, 6]|[9, 11, 33]|[2, 1, 1]
260.jpg|[6]|[32]|[2]
261.jpg|[1]|[38]|[1]
262.jpg|[1, 1]|[13, 37]|[1, 1]
263.jpg|[1, 1, 1]|[37, 35, 25]|[1, 1, 1]
264.jpg|[1]|[12]|[1]
265.jpg|[5]|[33]|[1]
266.jpg|[6]|[999]|[2]
267.jpg|[6, 6]|[10, 33]|[2, 2]
268.jpg|[6]|[19]|[2]
269.jpg|[1, 1]|[13, 37]|[1, 1]
27.jpg|[6]|[40]|[1]
270.jpg|[6]|[32]|[2]
271.jpg|[6]|[40]|[1]
272.jpg|[6]|[31]|[2]
273.jpg|[6]|[999]|[2]
274.jpg|[6, 6, 6]|[40, 11, 33]|[2, 2, 1]
275.jpg|[6]|[20]|[2]
276.jpg|[6, 6, 1]|[10, 33, 12]|[2, 2, 1]
277.jpg|[5]|[33]|[1]
278.jpg|[6]|[32]|[2]
279.jpg|[4]|[33]|[1]
28.jpg|[5, 5]|[36, 12]|[1, 1]
280.jpg|[5]|[34]|[1]
281.jpg|[1, 1]|[34, 13]|[1, 1]
282.jpg|[6]|[40]|[1]
283.jpg|[1, 1, 6]|[13, 34, 19]|[1, 1, 2]
284.jpg|[1]|[14]|[1]
285.jpg|[1]|[34]|[1]
286.jpg|[6]|[31]|[2]
287.jpg|[6]|[40]|[2]
288.jpg|[4, 1]|[33, 12]|[1, 1]
289.jpg|[5]|[33]|[1]
29.jpg|[6, 2]|[9, 33]|[2, 1]
290.jpg|[5]|[33]|[1]
291.jpg|[5]|[33]|[1]
292.jpg|[5, 1]|[33, 11]|[1, 1]
293.jpg|[1, 1]|[33, 12]|[1, 1]
294.jpg|[6]|[40]|[1]
295.jpg|[5]|[33]|[1]
296.jpg|[5]|[35]|[1]
297.jpg|[1, 1]|[11, 3]|[1, 1]
298.jpg|[5]|[33]|[1]
299.jpg|[5, 6]|[34, 20]|[1, 2]
3.jpg|[5]|[33]|[1]
30.jpg|[6, 4, 2, 1]|[9, 33, 11, 3]|[2, 1, 1, 1]
300.jpg|[1]|[36]|[1]
301.jpg|[6]|[19]|[2]
302.jpg|[6]|[33]|[2]
303.jpg|[6]|[34]|[1]
304.jpg|[5]|[33]|[1]
305.jpg|[5]|[33]|[1]
306.jpg|[6]|[20]|[2]
307.jpg|[6]|[31]|[2]
308.jpg|[4]|[14]|[1]
309.jpg|[1]|[21]|[1]
31.jpg|[5]|[33]|[1]
310.jpg|[5]|[33]|[1]
311.jpg|[6]|[31]|[2]
312.jpg|[1]|[34]|[1]
313.jpg|[5, 5]|[12, 36]|[1, 1]
314.jpg|[2, 1]|[36, 38]|[1, 1]
315.jpg|[1, 1]|[36, 38]|[1, 1]
316.jpg|[1, 1]|[36, 38]|[1, 1]
317.jpg|[1, 2, 3]|[12, 36, 999]|[1, 2, 2]
318.jpg|[4]|[34]|[1]
319.jpg|[1]|[33]|[1]
32.jpg|[5, 5, 6]|[36, 12, 999]|[1, 1, 2]
320.jpg|[6, 3, 1]|[10, 33, 12]|[2, 1, 1]
321.jpg|[6, 6, 1, 3]|[999, 999, 36, 40]|[2, 2, 1, 2]
322.jpg|[6, 5]|[40, 33]|[1, 1]
323.jpg|[1]|[34]|[1]
324.jpg|[1]|[14]|[1]
325.jpg|[2, 6]|[12, 33]|[1, 1]
326.jpg|[6, 5]|[19, 13]|[2, 1]
327.jpg|[1, 1, 1]|[35, 25, 13]|[1, 1, 1]
328.jpg|[6]|[999]|[2]
329.jpg|[2, 3]|[12, 33]|[2, 1]
33.jpg|[5]|[12]|[1]
330.jpg|[1]|[11]|[1]
331.jpg|[1]|[33]|[1]
332.jpg|[1, 1]|[36, 25]|[1, 1]
333.jpg|[1, 1]|[34, 21]|[1, 1]
334.jpg|[6, 1]|[9, 33]|[2, 1]
335.jpg|[5]|[34]|[1]
336.jpg|[6]|[34]|[2]
337.jpg|[6]|[32]|[2]
338.jpg|[2, 1]|[35, 25]|[1, 1]
339.jpg|[2, 6, 1]|[34, 19, 13]|[2, 2, 1]
34.jpg|[5]|[34]|[1]
340.jpg|[6]|[19]|[2]
341.jpg|[1]|[12]|[1]
342.jpg|[6]|[40]|[1]
343.jpg|[1]|[14]|[1]
344.jpg|[5]|[33]|[1]
345.jpg|[1, 1]|[38, 25]|[1, 1]
346.jpg|[6, 1]|[12, 33]|[2, 1]
347.jpg|[1]|[11]|[1]
348.jpg|[1]|[12]|[2]
349.jpg|[1]|[34]|[1]
35.jpg|[6]|[31]|[2]
350.jpg|[5, 5]|[35, 25]|[1, 1]
351.jpg|[5]|[34]|[1]
352.jpg|[1]|[13]|[1]
353.jpg|[6]|[31]|[2]
354.jpg|[5]|[33]|[1]
355.jpg|[1, 1]|[35, 37]|[1, 1]
356.jpg|[6]|[20]|[2]
357.jpg|[2]|[36]|[2]
358.jpg|[1, 6]|[34, 999]|[1, 2]
359.jpg|[5]|[33]|[1]
36.jpg|[6]|[40]|[1]
360.jpg|[5]|[34]|[1]
361.jpg|[5]|[33]|[1]
362.jpg|[5]|[34]|[1]
363.jpg|[2, 1, 3]|[33, 12, 40]|[2, 1, 2]
364.jpg|[5]|[33]|[1]
365.jpg|[5]|[34]|[1]
366.jpg|[2, 1, 1]|[35, 37, 11]|[2, 1, 1]
367.jpg|[1]|[36]|[1]
368.jpg|[6, 1, 1, 5]|[9, 11, 3, 33]|[2, 1, 1, 1]
369.jpg|[1, 6, 1]|[33, 10, 3]|[1, 2, 1]
37.jpg|[6]|[33]|[1]
370.jpg|[5, 4]|[21, 34]|[1, 1]
371.jpg|[5]|[34]|[1]
372.jpg|[6]|[40]|[1]
373.jpg|[5]|[14]|[1]
374.jpg|[1, 6, 1]|[34, 20, 14]|[1, 2, 1]
375.jpg|[6]|[31]|[2]
376.jpg|[4, 1]|[33, 11]|[1, 1]
377.jpg|[4]|[34]|[1]
378.jpg|[5, 5]|[13, 37]|[1, 1]
379.jpg|[6, 1, 1]|[9, 33, 11]|[2, 1, 1]
38.jpg|[6]|[32]|[2]
380.jpg|[1, 6, 1, 1]|[33, 10, 12, 3]|[1, 2, 1, 1]
381.jpg|[5, 5, 5]|[37, 35, 13]|[1, 1, 1]
382.jpg|[6]|[40]|[1]
383.jpg|[4]|[33]|[1]
384.jpg|[6]|[33]|[2]
385.jpg|[6]|[31]|[2]
386.jpg|[6]|[10]|[2]
387.jpg|[1]|[34]|[1]
388.jpg|[6, 5]|[19, 34]|[2, 1]
389.jpg|[5]|[14]|[1]
39.jpg|[5]|[33]|[1]
390.jpg|[1]|[3]|[1]
391.jpg|[4]|[34]|[1]
392.jpg|[1, 1]|[12, 36]|[1, 1]
393.jpg|[6]|[31]|[2]
394.jpg|[5, 6]|[34, 999]|[1, 2]
395.jpg|[1, 3]|[33, 999]|[1, 2]
396.jpg|[2, 2]|[34, 21]|[1, 1]
397.jpg|[6]|[31]|[2]
398.jpg|[6, 1, 1, 1]|[10, 33, 3, 12]|[2, 1, 1, 1]
399.jpg|[6]|[31]|[2]
4.jpg|[6]|[40]|[1]
40.jpg|[2]|[25]|[1]
400.jpg|[6]|[31]|[2]
401.jpg|[6]|[40]|[1]
402.jpg|[1]|[32]|[1]
403.jpg|[1, 1]|[14, 38]|[1, 1]
404.jpg|[1, 1]|[14, 38]|[1, 1]
405.jpg|[1, 5]|[13, 37]|[1, 1]
406.jpg|[6, 1]|[19, 34]|[2, 1]
407.jpg|[6, 1]|[34, 21]|[1, 1]
408.jpg|[6]|[40]|[1]
409.jpg|[6, 6, 2]|[33, 9, 11]|[1, 2, 2]
41.jpg|[6, 1]|[9, 3]|[2, 1]
410.jpg|[5, 3]|[33, 11]|[1, 1]
411.jpg|[5]|[33]|[1]
412.jpg|[6]|[31]|[2]
413.jpg|[6]|[31]|[2]
414.jpg|[1, 1]|[38, 14]|[1, 1]
415.jpg|[6, 6, 2]|[9, 33, 11]|[2, 1, 2]
416.jpg|[6]|[31]|[2]
417.jpg|[6]|[31]|[2]
418.jpg|[6]|[31]|[2]
419.jpg|[1, 1, 1]|[14, 38, 25]|[1, 1, 1]
42.jpg|[5]|[33]|[1]
420.jpg|[6, 5]|[19, 34]|[2, 1]
421.jpg|[6]|[34]|[1]
422.jpg|[1, 1]|[37, 13]|[1, 1]
423.jpg|[4]|[34]|[1]
424.jpg|[6]|[40]|[1]
425.jpg|[6]|[31]|[2]
426.jpg|[5, 1]|[33, 12]|[1, 1]
427.jpg|[5]|[12]|[1]
428.jpg|[3]|[33]|[1]
429.jpg|[6]|[40]|[1]
43.jpg|[5]|[33]|[1]
430.jpg|[6]|[31]|[2]
431.jpg|[5]|[36]|[1]
432.jpg|[2, 2]|[38, 14]|[2, 1]
433.jpg|[6]|[999]|[2]
434.jpg|[6]|[20]|[2]
435.jpg|[5]|[33]|[1]
436.jpg|[6, 1, 6]|[31, 3, 7]|[2, 1, 2]
437.jpg|[2]|[11]|[1]
438.jpg|[1, 5]|[13, 37]|[1, 1]
439.jpg|[6]|[31]|[2]
44.jpg|[1, 1]|[34, 13]|[1, 1]
440.jpg|[6]|[31]|[2]
441.jpg|[1, 1, 1, 1]|[13, 37, 35, 25]|[1, 1, 1, 1]
442.jpg|[3, 6, 1]|[33, 9, 3]|[1, 2, 1]
443.jpg|[6, 5]|[40, 33]|[1, 1]
444.jpg|[5]|[33]|[1]
445.jpg|[6]|[10]|[2]
446.jpg|[1, 5]|[37, 13]|[1, 1]
447.jpg|[6]|[999]|[2]
448.jpg|[5]|[33]|[1]
449.jpg|[6]|[999]|[1]
45.jpg|[1]|[38]|[1]
450.jpg|[1, 1]|[35, 37]|[1, 1]
451.jpg|[6]|[31]|[2]
452.jpg|[5]|[33]|[1]
453.jpg|[5]|[33]|[1]
454.jpg|[1, 6, 1]|[12, 10, 3]|[1, 2, 1]
455.jpg|[6]|[31]|[2]
456.jpg|[5, 5]|[12, 36]|[1, 1]
457.jpg|[6, 1, 1]|[40, 11, 35]|[1, 1, 1]
458.jpg|[1, 1, 1]|[14, 38, 25]|[1, 1, 1]
459.jpg|[1, 1]|[14, 38]|[1, 1]
46.jpg|[5, 1]|[33, 11]|[1, 1]
460.jpg|[1, 2, 6]|[11, 35, 9]|[1, 2, 2]
461.jpg|[6, 1, 6, 1]|[10, 33, 39, 3]|[2, 1, 2, 1]
462.jpg|[6]|[9]|[2]
463.jpg|[1]|[34]|[1]
464.jpg|[6]|[31]|[2]
465.jpg|[6]|[31]|[2]
466.jpg|[1]|[34]|[1]
467.jpg|[5]|[33]|[1]
468.jpg|[6]|[40]|[1]
469.jpg|[6]|[31]|[2]
47.jpg|[6]|[40]|[1]
470.jpg|[1]|[35]|[1]
471.jpg|[5]|[33]|[1]
472.jpg|[6]|[31]|[2]
473.jpg|[1, 1, 1]|[37, 13, 25]|[1, 1, 1]
474.jpg|[1, 5]|[14, 34]|[1, 1]
475.jpg|[6]|[31]|[2]
476.jpg|[1, 5]|[14, 34]|[1, 1]
477.jpg|[5]|[33]|[1]
478.jpg|[1, 1, 6, 6]|[33, 12, 999, 10]|[1, 1, 2, 2]
479.jpg|[5]|[37]|[1]
48.jpg|[5]|[33]|[1]
480.jpg|[6]|[31]|[2]
481.jpg|[6]|[20]|[2]
482.jpg|[5]|[34]|[1]
483.jpg|[1, 1]|[36, 12]|[1, 1]
484.jpg|[5]|[38]|[1]
485.jpg|[6]|[31]|[2]
486.jpg|[4]|[33]|[1]
487.jpg|[1, 1]|[38, 14]|[1, 1]
488.jpg|[1]|[21]|[1]
489.jpg|[6]|[32]|[2]
49.jpg|[6]|[999]|[2]
490.jpg|[2, 6, 1, 1]|[21, 20, 34, 14]|[1, 2, 1, 1]
491.jpg|[6]|[19]|[2]
492.jpg|[1, 2]|[35, 11]|[1, 1]
493.jpg|[4]|[33]|[1]
494.jpg|[1]|[34]|[1]
495.jpg|[5]|[34]|[1]
496.jpg|[5]|[33]|[1]
497.jpg|[5]|[34]|[1]
498.jpg|[5]|[34]|[1]
499.jpg|[1]|[34]|[1]
5.jpg|[6]|[32]|[2]
50.jpg|[6]|[31]|[2]
500.jpg|[6]|[20]|[1]
501.jpg|[1, 6, 1, 5, 1]|[11, 15, 9, 33, 3]|[1, 2, 2, 1, 1]
502.jpg|[5]|[34]|[1]
503.jpg|[6]|[10]|[2]
504.jpg|[6]|[9]|[2]
505.jpg|[6]|[31]|[2]
506.jpg|[3, 6]|[34, 20]|[1, 2]
507.jpg|[6]|[9]|[2]
508.jpg|[6, 1, 1, 1]|[10, 33, 12, 3]|[2, 1, 1, 1]
509.jpg|[6]|[31]|[2]
51.jpg|[6]|[40]|[1]
510.jpg|[1, 6]|[3, 39]|[1, 2]
511.jpg|[6, 6]|[999, 40]|[2, 2]
512.jpg|[6]|[40]|[1]
513.jpg|[1]|[3]|[1]
514.jpg|[1]|[34]|[1]
515.jpg|[6, 4, 1, 1]|[9, 33, 11, 3]|[2, 1, 1, 1]
516.jpg|[6]|[31]|[2]
517.jpg|[5, 5, 5]|[38, 36, 25]|[1, 1, 1]
518.jpg|[5]|[34]|[1]
519.jpg|[5]|[33]|[1]
52.jpg|[1]|[33]|[1]
520.jpg|[6, 4]|[20, 14]|[2, 1]
521.jpg|[6]|[40]|[1]
522.jpg|[5, 3, 6]|[33, 33, 40]|[1, 1, 1]
523.jpg|[5, 1]|[36, 25]|[1, 1]
524.jpg|[6]|[40]|[1]
525.jpg|[5]|[33]|[1]
526.jpg|[6, 5, 6]|[37, 25, 35]|[2, 1, 1]
527.jpg|[1, 1]|[34, 14]|[1, 1]
528.jpg|[1, 1, 6]|[33, 12, 10]|[1, 1, 2]
529.jpg|[1, 2, 1]|[36, 25, 14]|[1, 1, 1]
53.jpg|[6, 5]|[9, 33]|[2, 1]
530.jpg|[1, 1]|[38, 14]|[1, 1]
531.jpg|[6]|[20]|[2]
532.jpg|[1]|[33]|[1]
533.jpg|[6, 6, 1, 1]|[10, 33, 12, 3]|[2, 2, 1, 1]
534.jpg|[5, 5]|[33, 12]|[1, 1]
535.jpg|[5]|[33]|[1]
536.jpg|[6, 6, 6]|[11, 9, 33]|[2, 2, 1]
537.jpg|[6, 6]|[9, 33]|[2, 1]
538.jpg|[1, 6, 1]|[33, 15, 11]|[1, 2, 1]
539.jpg|[6]|[31]|[2]
54.jpg|[5]|[12]|[1]
540.jpg|[5]|[33]|[1]
541.jpg|[5]|[33]|[1]
542.jpg|[6, 6]|[999, 33]|[2, 1]
543.jpg|[5]|[12]|[1]
544.jpg|[1]|[21]|[1]
545.jpg|[1]|[33]|[1]
546.jpg|[1, 1, 1, 6]|[35, 37, 13, 40]|[1, 1, 1, 2]
547.jpg|[5]|[33]|[1]
548.jpg|[6]|[40]|[1]
549.jpg|[1]|[12]|[1]
55.jpg|[6]|[31]|[2]
550.jpg|[4]|[34]|[1]
551.jpg|[3]|[33]|[1]
552.jpg|[6, 2]|[31, 3]|[2, 1]
553.jpg|[6]|[20]|[2]
554.jpg|[5]|[33]|[1]
555.jpg|[6, 1, 2]|[40, 12, 33]|[2, 1, 1]
556.jpg|[5, 5]|[14, 38]|[1, 1]
557.jpg|[5]|[33]|[1]
558.jpg|[6, 5, 5, 5]|[40, 12, 33, 36]|[1, 1, 1, 1]
559.jpg|[1, 5]|[12, 33]|[1, 1]
56.jpg|[1]|[34]|[1]
560.jpg|[1]|[12]|[1]
561.jpg|[6, 2]|[31, 3]|[2, 2]
562.jpg|[6, 5, 5]|[40, 25, 37]|[1, 1, 1]
563.jpg|[6]|[31]|[2]
564.jpg|[6]|[31]|[2]
565.jpg|[5]|[33]|[1]
566.jpg|[6]|[999]|[2]
567.jpg|[6]|[40]|[1]
568.jpg|[6]|[31]|[2]
569.jpg|[5, 5]|[34, 14]|[1, 1]
57.jpg|[1, 1]|[35, 37]|[1, 1]
570.jpg|[6]|[32]|[2]
571.jpg|[6, 1]|[31, 25]|[2, 1]
572.jpg|[6, 6, 1, 1]|[33, 10, 12, 3]|[2, 2, 1, 1]
573.jpg|[5]|[33]|[1]
574.jpg|[5]|[33]|[1]
575.jpg|[5]|[34]|[1]
576.jpg|[1]|[33]|[1]
577.jpg|[5, 6]|[34, 20]|[1, 2]
578.jpg|[2]|[21]|[1]
579.jpg|[1]|[34]|[1]
58.jpg|[5]|[11]|[1]
580.jpg|[5, 5]|[13, 37]|[1, 1]
581.jpg|[1]|[33]|[1]
582.jpg|[2, 1]|[36, 25]|[2, 1]
583.jpg|[6, 1, 1]|[10, 3, 12]|[2, 1, 1]
584.jpg|[5, 3, 6]|[3, 12, 31]|[1, 2, 2]
585.jpg|[3]|[33]|[1]
586.jpg|[6, 1]|[9, 33]|[2, 1]
587.jpg|[5]|[34]|[1]
588.jpg|[1]|[21]|[1]
589.jpg|[6, 6, 6]|[33, 40, 999]|[1, 1, 2]
59.jpg|[6]|[31]|[2]
590.jpg|[5]|[33]|[1]
591.jpg|[5]|[33]|[1]
592.jpg|[1, 1]|[13, 35]|[1, 1]
593.jpg|[5]|[33]|[1]
594.jpg|[2, 3]|[12, 33]|[1, 1]
595.jpg|[6]|[999]|[2]
596.jpg|[1, 6]|[34, 20]|[1, 2]
597.jpg|[5, 3]|[36, 999]|[1, 2]
598.jpg|[6, 1]|[31, 43]|[2, 1]
599.jpg|[5]|[33]|[1]
6.jpg|[5]|[34]|[1]
60.jpg|[6, 2, 6, 2]|[999, 12, 33, 3]|[2, 1, 1, 1]
600.jpg|[5]|[13]|[1]
601.jpg|[6]|[31]|[2]
602.jpg|[2, 6, 2, 2]|[33, 9, 11, 3]|[2, 2, 1, 1]
603.jpg|[6]|[40]|[1]
604.jpg|[1]|[33]|[1]
605.jpg|[1]|[34]|[1]
606.jpg|[5]|[33]|[1]
607.jpg|[5]|[999]|[1]
608.jpg|[6]|[40]|[1]
609.jpg|[6]|[19]|[2]
61.jpg|[6, 1]|[33, 12]|[1, 1]
610.jpg|[2]|[33]|[2]
611.jpg|[1]|[3]|[1]
612.jpg|[5]|[11]|[1]
613.jpg|[6]|[31]|[2]
614.jpg|[5]|[14]|[1]
615.jpg|[5]|[33]|[1]
616.jpg|[6, 6]|[10, 33]|[2, 2]
617.jpg|[6, 6]|[10, 33]|[2, 1]
618.jpg|[5]|[33]|[1]
619.jpg|[1, 1]|[34, 13]|[1, 1]
62.jpg|[6]|[9]|[2]
620.jpg|[1, 1, 6]|[33, 11, 40]|[1, 1, 1]
621.jpg|[5]|[14]|[1]
622.jpg|[1, 6]|[34, 19]|[1, 2]
623.jpg|[6]|[31]|[2]
624.jpg|[1, 1]|[14, 34]|[1, 1]
625.jpg|[3, 6, 1, 1]|[11, 9, 33, 3]|[2, 2, 1, 1]
626.jpg|[5]|[33]|[1]
627.jpg|[6, 3]|[31, 7]|[2, 2]
628.jpg|[5]|[34]|[1]
629.jpg|[6, 2, 5]|[9, 11, 33]|[2, 1, 1]
63.jpg|[5]|[33]|[1]
630.jpg|[6]|[31]|[2]
631.jpg|[5]|[34]|[1]
632.jpg|[6, 6, 1]|[34, 20, 21]|[1, 2, 1]
633.jpg|[6, 3]|[40, 33]|[2, 2]
634.jpg|[6]|[40]|[1]
635.jpg|[1]|[11]|[1]
636.jpg|[5]|[34]|[1]
637.jpg|[5]|[14]|[1]
638.jpg|[3, 3, 6, 6, 1]|[34, 13, 19, 40, 21]|[2, 2, 2, 1, 1]
639.jpg|[6]|[33]|[1]
64.jpg|[1]|[12]|[1]
640.jpg|[5]|[34]|[1]
641.jpg|[6]|[999]|[2]
642.jpg|[5, 5]|[35, 37]|[1, 1]
643.jpg|[5]|[34]|[1]
644.jpg|[6]|[10]|[2]
645.jpg|[6]|[31]|[2]
646.jpg|[1, 1]|[11, 33]|[1, 1]
647.jpg|[1, 1, 1]|[12, 36, 25]|[1, 1, 1]
648.jpg|[1, 1]|[37, 13]|[1, 1]
649.jpg|[6]|[40]|[1]
65.jpg|[1, 1]|[12, 33]|[1, 1]
650.jpg|[1, 1, 1, 6, 6, 6]|[12, 33, 36, 31, 10, 999]|[1, 1, 1, 2, 2, 2]
651.jpg|[6, 1, 5]|[10, 12, 33]|[2, 1, 1]
652.jpg|[6]|[40]|[1]
653.jpg|[1]|[37]|[1]
654.jpg|[5]|[34]|[1]
655.jpg|[5, 5, 5]|[38, 999, 14]|[1, 1, 1]
656.jpg|[1, 1, 6]|[14, 34, 20]|[1, 1, 2]
657.jpg|[5]|[31]|[1]
658.jpg|[1, 3]|[3, 7]|[1, 2]
659.jpg|[1, 3]|[13, 34]|[1, 1]
66.jpg|[6]|[31]|[2]
660.jpg|[5]|[35]|[1]
661.jpg|[6, 3]|[40, 11]|[2, 2]
662.jpg|[6]|[20]|[2]
663.jpg|[2, 6, 5]|[3, 9, 39]|[1, 2, 1]
664.jpg|[5, 5]|[33, 12]|[1, 1]
665.jpg|[6, 3]|[31, 999]|[2, 2]
666.jpg|[1]|[14]|[1]
667.jpg|[5]|[33]|[1]
668.jpg|[6]|[31]|[2]
669.jpg|[5]|[34]|[1]
67.jpg|[6, 6]|[33, 999]|[1, 2]
670.jpg|[5]|[34]|[1]
671.jpg|[1, 5]|[12, 33]|[1, 1]
672.jpg|[1]|[33]|[1]
673.jpg|[6, 1, 6, 2]|[9, 33, 39, 3]|[2, 1, 2, 1]
674.jpg|[6]|[31]|[2]
675.jpg|[1, 1]|[11, 33]|[1, 1]
676.jpg|[5]|[34]|[1]
677.jpg|[1, 1, 1, 1, 3, 3]|[14, 38, 36, 25, 999, 999]|[1, 1, 1, 1, 2, 2]
678.jpg|[1]|[11]|[1]
679.jpg|[6]|[32]|[2]
68.jpg|[6]|[31]|[2]
680.jpg|[6, 6, 6, 1, 6]|[12, 10, 33, 3, 12]|[2, 2, 2, 1, 2]
681.jpg|[1]|[14]|[1]
682.jpg|[1]|[13]|[1]
683.jpg|[6]|[31]|[2]
684.jpg|[6, 6, 6]|[33, 10, 12]|[2, 2, 2]
685.jpg|[5]|[13]|[1]
686.jpg|[6]|[31]|[2]
687.jpg|[4, 5]|[25, 37]|[1, 1]
688.jpg|[2, 2, 6, 2, 6]|[34, 13, 19, 21, 32]|[2, 2, 2, 2, 2]
689.jpg|[5]|[33]|[1]
69.jpg|[5]|[34]|[1]
690.jpg|[1, 1]|[14, 38]|[1, 1]
691.jpg|[6]|[40]|[1]
692.jpg|[6]|[31]|[2]
693.jpg|[5]|[34]|[1]
694.jpg|[5]|[33]|[1]
695.jpg|[6]|[31]|[2]
696.jpg|[5]|[13]|[1]
697.jpg|[5]|[33]|[1]
698.jpg|[6, 1]|[19, 13]|[1, 1]
699.jpg|[5]|[14]|[1]
7.jpg|[6]|[31]|[2]
70.jpg|[6]|[9]|[2]
700.jpg|[5]|[33]|[1]
701.jpg|[5]|[33]|[1]
702.jpg|[5]|[38]|[1]
703.jpg|[5, 5]|[34, 13]|[1, 1]
704.jpg|[1, 2, 6]|[34, 14, 20]|[1, 1, 2]
705.jpg|[5, 5, 5]|[36, 999, 38]|[1, 1, 1]
706.jpg|[5]|[34]|[1]
707.jpg|[6, 6]|[11, 33]|[2, 2]
708.jpg|[5, 5]|[36, 12]|[1, 1]
709.jpg|[6]|[31]|[2]
71.jpg|[5]|[34]|[1]
710.jpg|[6]|[31]|[2]
711.jpg|[5, 5]|[37, 35]|[1, 1]
712.jpg|[5]|[33]|[1]
713.jpg|[4, 4]|[33, 10]|[1, 2]
714.jpg|[4, 5]|[20, 34]|[2, 1]
715.jpg|[4, 4, 1, 1, 6]|[9, 15, 11, 3, 39]|[2, 2, 1, 1, 2]
716.jpg|[5]|[34]|[1]
717.jpg|[4]|[34]|[1]
718.jpg|[1, 1, 6]|[34, 13, 20]|[1, 1, 2]
719.jpg|[6]|[32]|[2]
72.jpg|[1]|[11]|[1]
720.jpg|[1]|[12]|[1]
721.jpg|[5]|[33]|[1]
722.jpg|[6, 1]|[10, 33]|[2, 1]
723.jpg|[6]|[31]|[2]
724.jpg|[5, 6]|[33, 999]|[1, 2]
725.jpg|[1, 6]|[11, 15]|[1, 2]
726.jpg|[5]|[34]|[1]
727.jpg|[5]|[34]|[1]
728.jpg|[5]|[34]|[1]
729.jpg|[5]|[34]|[1]
73.jpg|[6, 1]|[31, 3]|[2, 1]
730.jpg|[6]|[40]|[2]
731.jpg|[6]|[31]|[2]
732.jpg|[6]|[40]|[1]
733.jpg|[6]|[31]|[2]
734.jpg|[5]|[34]|[1]
735.jpg|[2, 1]|[34, 21]|[1, 1]
736.jpg|[1]|[12]|[1]
737.jpg|[1]|[34]|[1]
738.jpg|[6]|[40]|[1]
739.jpg|[6]|[31]|[2]
74.jpg|[5]|[34]|[1]
740.jpg|[1]|[12]|[1]
741.jpg|[1, 6, 1, 1]|[34, 19, 21, 13]|[1, 2, 1, 1]
742.jpg|[1]|[33]|[1]
743.jpg|[6]|[999]|[2]
744.jpg|[6]|[40]|[1]
745.jpg|[6]|[31]|[2]
746.jpg|[2, 6, 2, 1]|[33, 10, 3, 12]|[2, 2, 1, 1]
747.jpg|[6]|[40]|[1]
748.jpg|[2, 2, 6, 1, 3]|[11, 33, 9, 3, 40]|[2, 1, 2, 1, 1]
749.jpg|[1]|[11]|[1]
75.jpg|[2, 3]|[12, 33]|[1, 1]
750.jpg|[1, 1]|[25, 43]|[1, 1]
751.jpg|[4]|[34]|[1]
752.jpg|[1]|[34]|[1]
753.jpg|[1, 6, 6, 1]|[11, 33, 9, 3]|[1, 1, 2, 1]
754.jpg|[1, 1]|[11, 33]|[1, 1]
755.jpg|[4]|[34]|[1]
756.jpg|[1, 1, 6, 1]|[12, 33, 10, 36]|[1, 1, 2, 1]
757.jpg|[1]|[34]|[1]
758.jpg|[3, 3, 6]|[33, 11, 999]|[1, 1, 2]
759.jpg|[5]|[34]|[1]
76.jpg|[1]|[34]|[1]
760.jpg|[6]|[31]|[2]
761.jpg|[1]|[33]|[1]
762.jpg|[6, 2, 2, 1]|[9, 11, 33, 3]|[2, 2, 2, 1]
763.jpg|[1]|[11]|[1]
764.jpg|[5, 1]|[33, 11]|[1, 1]
765.jpg|[1, 1]|[3, 33]|[1, 1]
766.jpg|[5, 1]|[33, 12]|[1, 1]
767.jpg|[3]|[33]|[1]
768.jpg|[6]|[40]|[1]
769.jpg|[5, 5, 5]|[37, 25, 13]|[1, 1, 1]
77.jpg|[5]|[34]|[1]
770.jpg|[1]|[37]|[1]
771.jpg|[1]|[37]|[1]
772.jpg|[6]|[31]|[1]
773.jpg|[5]|[36]|[1]
774.jpg|[5]|[34]|[1]
775.jpg|[6]|[31]|[1]
776.jpg|[4]|[34]|[1]
777.jpg|[5, 1, 6]|[34, 34, 19]|[1, 1, 2]
778.jpg|[1, 6]|[34, 20]|[1, 2]
779.jpg|[1]|[34]|[1]
78.jpg|[1, 1, 2]|[3, 33, 12]|[1, 1, 1]
780.jpg|[5]|[11]|[1]
781.jpg|[5]|[34]|[1]
782.jpg|[2, 2, 1, 2]|[37, 35, 13, 999]|[1, 1, 1, 2]
783.jpg|[5]|[34]|[1]
784.jpg|[1, 1]|[36, 38]|[1, 1]
785.jpg|[5, 5]|[37, 35]|[1, 1]
786.jpg|[2]|[35]|[1]
787.jpg|[6]|[19]|[2]
788.jpg|[1]|[13]|[1]
789.jpg|[4, 6, 1, 1]|[33, 9, 11, 3]|[1, 2, 1, 1]
79.jpg|[2, 2]|[36, 38]|[1, 1]
790.jpg|[5, 5]|[35, 11]|[1, 1]
791.jpg|[5, 5]|[35, 11]|[1, 1]
792.jpg|[6]|[40]|[1]
793.jpg|[4, 6, 6]|[33, 10, 999]|[1, 2, 2]
794.jpg|[3, 5, 1, 5]|[7, 35, 11, 33]|[2, 1, 1, 1]
795.jpg|[1, 1]|[38, 14]|[1, 1]
796.jpg|[3]|[34]|[1]
797.jpg|[6]|[32]|[2]
798.jpg|[6, 1]|[19, 34]|[2, 1]
799.jpg|[6]|[32]|[2]
8.jpg|[6]|[31]|[2]
80.jpg|[6]|[9]|[2]
800.jpg|[1, 5]|[12, 33]|[1, 1]
801.jpg|[1, 1, 3, 2, 3]|[36, 38, 999, 999, 999]|[1, 1, 2, 2, 2]
802.jpg|[3, 6, 1, 1]|[33, 9, 11, 3]|[2, 2, 1, 1]
803.jpg|[5]|[33]|[1]
804.jpg|[1]|[34]|[1]
805.jpg|[6]|[31]|[2]
806.jpg|[5]|[33]|[1]
807.jpg|[5]|[34]|[1]
808.jpg|[3]|[34]|[1]
809.jpg|[4]|[33]|[1]
81.jpg|[5]|[34]|[1]
810.jpg|[5]|[33]|[1]
811.jpg|[2, 2, 2]|[36, 38, 25]|[2, 2, 1]
812.jpg|[2, 2, 2]|[36, 38, 25]|[2, 1, 1]
813.jpg|[5]|[33]|[1]
814.jpg|[5]|[33]|[1]
815.jpg|[5]|[33]|[1]
816.jpg|[4]|[34]|[1]
817.jpg|[5, 5]|[33, 11]|[1, 1]
818.jpg|[2]|[25]|[1]
819.jpg|[6, 1, 1, 1]|[9, 33, 11, 3]|[2, 1, 1, 1]
82.jpg|[6]|[31]|[2]
820.jpg|[6]|[40]|[1]
821.jpg|[6, 5]|[40, 34]|[1, 1]
822.jpg|[5, 6]|[33, 999]|[1, 2]
823.jpg|[6, 6, 1]|[10, 33, 3]|[2, 1, 1]
824.jpg|[1]|[33]|[1]
825.jpg|[5]|[33]|[1]
826.jpg|[5]|[34]|[1]
827.jpg|[6]|[31]|[2]
828.jpg|[4]|[34]|[1]
829.jpg|[6]|[31]|[2]
83.jpg|[1]|[34]|[1]
830.jpg|[5]|[12]|[1]
831.jpg|[6]|[40]|[1]
832.jpg|[5]|[33]|[1]
833.jpg|[5]|[34]|[1]
834.jpg|[6, 1, 1]|[31, 12, 3]|[2, 1, 1]
835.jpg|[1, 1, 1]|[37, 13, 25]|[1, 1, 1]
836.jpg|[1, 1, 5]|[35, 37, 25]|[1, 1, 1]
837.jpg|[2, 2, 6, 1]|[12, 33, 10, 3]|[1, 2, 2, 1]
838.jpg|[1, 1]|[25, 35]|[1, 1]
839.jpg|[5]|[31]|[1]
84.jpg|[6, 2]|[40, 12]|[1, 1]
840.jpg|[5, 1]|[33, 12]|[2, 2]
841.jpg|[5]|[34]|[2]
842.jpg|[6, 1, 1]|[31, 3, 43]|[2, 1, 1]
843.jpg|[5, 5]|[33, 12]|[1, 1]
844.jpg|[1]|[35]|[1]
845.jpg|[3]|[33]|[1]
846.jpg|[6, 5, 1, 1]|[40, 34, 14, 38]|[1, 1, 1, 1]
847.jpg|[5]|[33]|[1]
848.jpg|[6]|[31]|[2]
849.jpg|[1, 6]|[33, 999]|[1, 2]
85.jpg|[3]|[33]|[1]
850.jpg|[1]|[37]|[1]
851.jpg|[6]|[31]|[2]
852.jpg|[5]|[33]|[1]
853.jpg|[6, 4]|[9, 33]|[2, 1]
854.jpg|[1]|[36]|[1]
855.jpg|[4, 1]|[34, 21]|[1, 1]
856.jpg|[6]|[31]|[2]
857.jpg|[5]|[13]|[1]
858.jpg|[1, 1, 3, 1, 5]|[36, 12, 999, 25, 38]|[1, 1, 2, 1, 1]
859.jpg|[6]|[40]|[1]
86.jpg|[5]|[33]|[1]
860.jpg|[6, 2, 2, 1, 6, 1, 3]|[9, 11, 3, 33, 31, 999, 7]|[2, 2, 2, 1, 2, 1, 2]
861.jpg|[1]|[34]|[1]
862.jpg|[6, 1]|[31, 999]|[2, 1]
863.jpg|[6]|[31]|[2]
864.jpg|[6]|[31]|[2]
865.jpg|[5, 5]|[11, 33]|[1, 1]
866.jpg|[6]|[19]|[2]
867.jpg|[5]|[33]|[1]
868.jpg|[6, 1]|[20, 14]|[2, 1]
869.jpg|[6, 1, 5]|[10, 12, 33]|[2, 1, 1]
87.jpg|[5]|[11]|[1]
870.jpg|[4]|[33]|[1]
871.jpg|[1]|[3]|[1]
872.jpg|[2, 1]|[13, 32]|[2, 1]
873.jpg|[1]|[38]|[1]
874.jpg|[6]|[31]|[2]
875.jpg|[1]|[34]|[1]
876.jpg|[1]|[34]|[1]
877.jpg|[5]|[33]|[1]
878.jpg|[1]|[13]|[1]
879.jpg|[5]|[34]|[1]
88.jpg|[5]|[34]|[1]
880.jpg|[1]|[12]|[1]
881.jpg|[4]|[33]|[1]
882.jpg|[5, 5]|[33, 11]|[1, 1]
883.jpg|[1, 5, 1, 1]|[38, 14, 36, 25]|[1, 1, 1, 1]
884.jpg|[6]|[40]|[1]
885.jpg|[5]|[34]|[1]
886.jpg|[1, 1]|[36, 38]|[1, 1]
887.jpg|[3]|[33]|[2]
888.jpg|[6, 1, 1]|[9, 3, 11]|[1, 1, 1]
889.jpg|[1, 6, 4]|[14, 20, 34]|[1, 2, 1]
89.jpg|[1]|[11]|[1]
890.jpg|[3, 1, 5]|[12, 33, 10]|[2, 1, 1]
891.jpg|[5]|[33]|[1]
892.jpg|[6]|[40]|[1]
893.jpg|[6]|[34]|[1]
894.jpg|[1]|[21]|[1]
895.jpg|[5, 5]|[13, 37]|[1, 1]
896.jpg|[5]|[33]|[1]
897.jpg|[1, 1]|[35, 999]|[1, 1]
898.jpg|[6, 6]|[20, 21]|[2, 1]
899.jpg|[5]|[34]|[1]
9.jpg|[6, 2, 2, 6, 6]|[31, 3, 12, 9, 15]|[2, 1, 1, 2, 2]
90.jpg|[1, 1, 2, 6]|[14, 34, 21, 20]|[1, 1, 1, 1]
900.jpg|[6, 1, 1]|[20, 21, 34]|[2, 1, 1]
901.jpg|[6]|[999]|[2]
902.jpg|[6, 1]|[34, 21]|[1, 1]
903.jpg|[1]|[33]|[1]
904.jpg|[5, 5]|[38, 36]|[1, 1]
905.jpg|[6]|[32]|[2]
906.jpg|[1, 5]|[33, 12]|[1, 1]
907.jpg|[1]|[36]|[1]
908.jpg|[1]|[34]|[1]
909.jpg|[6]|[31]|[2]
91.jpg|[6]|[31]|[2]
910.jpg|[6]|[31]|[2]
911.jpg|[2, 2, 1, 1]|[35, 37, 999, 37]|[2, 2, 1, 1]
912.jpg|[6]|[31]|[2]
913.jpg|[6]|[31]|[2]
914.jpg|[6]|[40]|[1]
915.jpg|[4]|[33]|[1]
916.jpg|[4, 4]|[33, 9]|[1, 2]
917.jpg|[4, 5]|[20, 21]|[2, 1]
918.jpg|[4, 4, 3, 2, 4]|[33, 10, 39, 3, 31]|[1, 2, 2, 1, 2]
919.jpg|[5]|[33]|[1]
92.jpg|[6, 2]|[20, 34]|[2, 1]
920.jpg|[5]|[33]|[1]
921.jpg|[5]|[33]|[1]
922.jpg|[5]|[33]|[1]
923.jpg|[1, 1]|[33, 12]|[1, 1]
924.jpg|[6, 1, 1]|[40, 12, 36]|[1, 1, 1]
925.jpg|[6, 1, 1]|[10, 33, 12]|[2, 1, 1]
926.jpg|[1, 1, 6, 1]|[12, 33, 10, 3]|[1, 1, 2, 1]
927.jpg|[5]|[38]|[1]
928.jpg|[6]|[31]|[2]
929.jpg|[1]|[38]|[1]
93.jpg|[5]|[36]|[1]
930.jpg|[5]|[33]|[1]
931.jpg|[5]|[34]|[1]
932.jpg|[3, 1]|[11, 3]|[1, 1]
933.jpg|[5, 5]|[33, 12]|[1, 1]
934.jpg|[4]|[40]|[2]
935.jpg|[5]|[33]|[1]
936.jpg|[1]|[33]|[1]
937.jpg|[4]|[34]|[1]
938.jpg|[6, 1, 6]|[33, 12, 10]|[1, 1, 2]
939.jpg|[1, 1]|[38, 14]|[1, 1]
94.jpg|[6]|[31]|[2]
940.jpg|[6]|[31]|[2]
941.jpg|[4]|[33]|[1]
942.jpg|[5]|[14]|[1]
943.jpg|[6, 3, 1]|[9, 33, 11]|[2, 2, 1]
944.jpg|[6, 1, 1]|[40, 35, 11]|[1, 1, 1]
945.jpg|[1, 6, 5]|[14, 20, 34]|[1, 2, 1]
946.jpg|[6]|[31]|[2]
947.jpg|[6]|[40]|[1]
948.jpg|[6, 4, 1, 1, 6]|[10, 33, 3, 39, 999]|[2, 1, 1, 1, 2]
949.jpg|[4]|[12]|[1]
95.jpg|[6]|[33]|[1]
950.jpg|[6]|[31]|[2]
951.jpg|[6, 3, 2, 1, 1]|[9, 33, 11, 3, 35]|[2, 1, 1, 1, 1]
952.jpg|[5]|[33]|[1]
953.jpg|[6]|[33]|[1]
954.jpg|[6, 1]|[33, 3]|[2, 1]
955.jpg|[6]|[20]|[2]
956.jpg|[6]|[20]|[2]
957.jpg|[6, 4, 1, 1, 6]|[10, 33, 11, 3, 999]|[2, 1, 1, 1, 2]
958.jpg|[4]|[33]|[2]
959.jpg|[6]|[9]|[2]
96.jpg|[1]|[11]|[1]
960.jpg|[1]|[36]|[1]
961.jpg|[1]|[25]|[1]
962.jpg|[1]|[25]|[1]
963.jpg|[1, 1, 1]|[37, 999, 25]|[1, 1, 1]
964.jpg|[2, 4, 6]|[13, 34, 20]|[1, 1, 2]
965.jpg|[5]|[33]|[1]
966.jpg|[6]|[31]|[2]
967.jpg|[1]|[12]|[1]
968.jpg|[1]|[14]|[1]
969.jpg|[5]|[33]|[1]
97.jpg|[1, 2, 4, 6]|[12, 3, 39, 33]|[1, 1, 2, 1]
970.jpg|[1, 3, 5]|[11, 15, 35]|[1, 2, 1]
971.jpg|[1, 4, 6]|[13, 37, 999]|[1, 1, 1]
972.jpg|[5]|[13]|[1]
973.jpg|[4]|[34]|[1]
974.jpg|[6]|[19]|[2]
975.jpg|[5]|[33]|[1]
976.jpg|[1, 1, 1]|[11, 35, 25]|[1, 1, 1]
977.jpg|[6, 1]|[19, 13]|[2, 1]
978.jpg|[5, 5]|[13, 37]|[1, 1]
979.jpg|[5]|[14]|[1]
98.jpg|[5, 1]|[11, 37]|[1, 1]
980.jpg|[1, 6]|[14, 32]|[1, 1]
981.jpg|[2, 6, 2, 2, 1]|[33, 9, 3, 11, 39]|[2, 2, 2, 2, 2]
982.jpg|[5]|[33]|[1]
983.jpg|[6]|[20]|[2]
984.jpg|[6]|[40]|[1]
985.jpg|[5]|[33]|[1]
986.jpg|[1]|[34]|[1]
987.jpg|[6]|[32]|[2]
988.jpg|[6]|[33]|[2]
989.jpg|[1]|[33]|[2]
99.jpg|[6]|[31]|[2]
990.jpg|[6]|[999]|[2]
991.jpg|[5]|[34]|[2]
992.jpg|[1]|[38]|[1]
993.jpg|[5]|[33]|[1]
994.jpg|[6]|[33]|[1]
995.jpg|[6]|[9]|[2]
996.jpg|[6]|[31]|[2]
997.jpg|[1]|[13]|[1]
998.jpg|[1]|[35]|[1]
999.jpg|[5]|[33]|[1]
